시군구,직종대분류,공고수,지원가능률,정규직비율,임금중위,공개n,잔류유인,잔류유인_엔트로피,임금신뢰,군집,유형
강서구,경영·사무·금융·보험,943,6.256627783669141,84.86140724946695,3200.0,446,62.76620315256782,53.54718945372096,1,0,대졸 문턱 높음·안정(고임금)
강서구,교육·법률·사회복지·경찰·소방·군인,105,28.57142857142857,52.42718446601942,2952.0,37,44.65430826376156,41.21499292914626,1,2,대졸 진입 가능·불안정
강서구,미용·여행·숙박·음식·경비·돌봄·청소,179,0.5586592178770949,72.57142857142857,2760.0,106,50.24752828504989,41.653863981706294,1,1,대졸 문턱 높음·안정(저임금)
강서구,보건·의료,128,0.78125,89.84375,2880.0,29,60.46746711104618,47.24879534475301,0,0,대졸 문턱 높음·안정(고임금)
강서구,설치·정비·생산,1349,0.5189028910303929,88.47583643122677,3009.0,753,63.492179343155044,52.74414774781578,1,0,대졸 문턱 높음·안정(고임금)
강서구,연구·공학기술,454,9.911894273127754,90.50772626931567,3500.0,148,68.59383384044371,59.40493154167905,1,0,대졸 문턱 높음·안정(고임금)
강서구,영업·판매·운전·운송,453,5.518763796909492,80.08849557522124,3360.0,230,63.77919358272566,58.63338386393314,1,0,대졸 문턱 높음·안정(고임금)
금정구,경영·사무·금융·보험,242,7.024793388429752,85.83333333333333,2900.0,90,58.136597198559976,47.47910640665819,1,0,대졸 문턱 높음·안정(고임금)
금정구,미용·여행·숙박·음식·경비·돌봄·청소,164,0.0,74.23312883435584,2588.0,122,51.585020602977814,42.71720163450842,1,1,대졸 문턱 높음·안정(저임금)
금정구,보건·의료,189,2.6455026455026456,90.9090909090909,3030.0,26,61.03285181190013,48.92187004886023,0,0,대졸 문턱 높음·안정(고임금)
금정구,설치·정비·생산,157,1.2738853503184715,77.41935483870968,2800.0,94,53.969314015035636,45.79185949323483,1,1,대졸 문턱 높음·안정(저임금)
금정구,영업·판매·운전·운송,112,0.0,72.72727272727273,3360.0,58,60.89579047309176,56.13015948144048,1,0,대졸 문턱 높음·안정(고임금)
기장군,경영·사무·금융·보험,369,4.878048780487805,83.83561643835617,3200.0,129,61.12658919568669,53.106058397786015,1,0,대졸 문턱 높음·안정(고임금)
기장군,미용·여행·숙박·음식·경비·돌봄·청소,274,0.0,74.72527472527473,3000.0,186,55.51958880120279,46.481652769094865,1,1,대졸 문턱 높음·안정(저임금)
기장군,보건·의료,139,2.158273381294964,85.29411764705883,3210.0,32,60.07018710197104,52.40287277062364,1,0,대졸 문턱 높음·안정(고임금)
기장군,설치·정비·생산,459,0.6535947712418301,83.36980306345733,2724.0,233,57.181819031433186,46.21277264100274,1,1,대졸 문턱 높음·안정(저임금)
기장군,연구·공학기술,144,10.416666666666668,83.91608391608392,3600.0,52,67.73331323291474,62.026232864404804,1,0,대졸 문턱 높음·안정(고임금)
기장군,영업·판매·운전·운송,170,2.3529411764705883,81.81818181818183,3330.0,84,59.95150492437079,53.33277786129734,1,0,대졸 문턱 높음·안정(고임금)
남구,경영·사무·금융·보험,281,6.761565836298933,74.81751824817519,3000.0,92,55.00270406011799,46.96580464946525,1,0,대졸 문턱 높음·안정(고임금)
남구,미용·여행·숙박·음식·경비·돌봄·청소,218,0.45871559633027525,76.036866359447,2588.0,162,53.1100002282137,42.02673648920767,1,1,대졸 문턱 높음·안정(저임금)
남구,보건·의료,193,1.0362694300518136,89.0625,3450.0,18,65.14534864495234,55.804776421307054,0,0,대졸 문턱 높음·안정(고임금)
남구,연구·공학기술,117,5.982905982905983,79.48717948717949,3270.0,34,60.80019597259138,55.77347697227237,1,0,대졸 문턱 높음·안정(고임금)
남구,영업·판매·운전·운송,122,2.459016393442623,77.31092436974791,3000.0,55,62.8324977052907,54.40359207119985,1,0,대졸 문턱 높음·안정(고임금)
동구,경영·사무·금융·보험,263,8.745247148288973,69.7211155378486,3060.0,117,53.54136669326124,48.9954624350122,1,0,대졸 문턱 높음·안정(고임금)
동구,미용·여행·숙박·음식·경비·돌봄·청소,179,0.5586592178770949,71.50837988826815,2588.0,101,48.18879248982058,39.88578140029943,1,1,대졸 문턱 높음·안정(저임금)
동구,보건·의료,121,4.958677685950414,86.66666666666667,2760.0,20,53.9804668680177,45.753518760680194,0,0,대졸 문턱 높음·안정(고임금)
동래구,경영·사무·금융·보험,199,9.045226130653267,82.74111675126903,3000.0,76,61.294522632925904,48.850108479016924,1,0,대졸 문턱 높음·안정(고임금)
동래구,교육·법률·사회복지·경찰·소방·군인,152,28.947368421052634,63.888888888888886,2880.0,51,49.03407136753523,45.45666789974686,1,2,대졸 진입 가능·불안정
동래구,미용·여행·숙박·음식·경비·돌봄·청소,229,0.0,75.54585152838428,2588.0,170,52.18252892137953,41.823866558433096,1,1,대졸 문턱 높음·안정(저임금)
동래구,보건·의료,316,5.379746835443038,89.87341772151899,3000.0,40,60.34528797764331,50.25146723140899,1,0,대졸 문턱 높음·안정(고임금)
부산진구,경영·사무·금융·보험,667,3.4482758620689653,79.63246554364471,3000.0,202,59.70879338618491,50.948079375832904,1,0,대졸 문턱 높음·안정(고임금)
부산진구,교육·법률·사회복지·경찰·소방·군인,167,20.958083832335326,51.59235668789809,2880.0,70,46.87400590843446,44.896485870011645,1,2,대졸 진입 가능·불안정
부산진구,미용·여행·숙박·음식·경비·돌봄·청소,489,0.0,72.98969072164948,2588.0,284,51.58844024241174,41.735223337097175,1,1,대졸 문턱 높음·안정(저임금)
부산진구,보건·의료,419,1.9093078758949882,90.86538461538461,3004.5,56,60.00153714258887,50.464833926254194,1,0,대졸 문턱 높음·안정(고임금)
부산진구,설치·정비·생산,104,0.9615384615384616,73.7864077669903,3240.0,47,51.91031312621862,51.25235572391244,1,0,대졸 문턱 높음·안정(고임금)
부산진구,연구·공학기술,147,10.204081632653061,73.94366197183099,3645.0,32,66.56232084838716,62.643248273737164,1,0,대졸 문턱 높음·안정(고임금)
부산진구,영업·판매·운전·운송,266,0.7518796992481203,75.47892720306514,3700.0,115,72.87872198771382,67.20399119532031,1,0,대졸 문턱 높음·안정(고임금)
부산진구,예술·디자인·방송·스포츠,130,0.7692307692307693,75.78125,2820.0,43,51.503985279585144,45.70761178918944,1,1,대졸 문턱 높음·안정(저임금)
북구,경영·사무·금융·보험,115,4.3478260869565215,79.82456140350878,3000.0,53,58.4182377565458,48.691332751277294,1,0,대졸 문턱 높음·안정(고임금)
북구,미용·여행·숙박·음식·경비·돌봄·청소,183,0.0,74.31693989071039,2588.0,145,51.69409672443321,40.699168047410296,1,1,대졸 문턱 높음·안정(저임금)
북구,보건·의료,232,6.0344827586206895,89.22413793103449,2886.0,36,51.89372386450571,44.306971315306804,1,0,대졸 문턱 높음·안정(고임금)
사상구,경영·사무·금융·보험,371,4.8517520215633425,81.62162162162161,3000.0,179,57.95386975890371,49.2714310960727,1,0,대졸 문턱 높음·안정(고임금)
사상구,미용·여행·숙박·음식·경비·돌봄·청소,162,0.0,69.1358024691358,2588.0,128,47.94980727068396,38.47136646163271,1,1,대졸 문턱 높음·안정(저임금)
사상구,보건·의료,140,3.571428571428571,89.92805755395683,2820.0,27,60.0270628814122,47.10692563609044,0,0,대졸 문턱 높음·안정(고임금)
사상구,설치·정비·생산,530,0.7547169811320755,86.60377358490567,3000.0,318,61.00371821171995,50.02066947906407,1,0,대졸 문턱 높음·안정(고임금)
사상구,연구·공학기술,155,6.451612903225806,87.66233766233766,3700.0,67,71.1495153766972,62.46516593191281,1,0,대졸 문턱 높음·안정(고임금)
사상구,영업·판매·운전·운송,206,6.310679611650485,76.2135922330097,3360.0,98,59.670896557750844,53.632656851996245,1,0,대졸 문턱 높음·안정(고임금)
사하구,경영·사무·금융·보험,266,4.511278195488721,82.06106870229007,3190.0,134,60.18722565540629,51.711217391338415,1,0,대졸 문턱 높음·안정(고임금)
사하구,미용·여행·숙박·음식·경비·돌봄·청소,214,0.46728971962616817,73.23943661971832,2588.0,151,51.23444526125468,41.155122304893595,1,1,대졸 문턱 높음·안정(저임금)
사하구,보건·의료,241,0.4149377593360996,85.89211618257261,3000.0,40,52.332926775426714,47.11155214902931,1,0,대졸 문턱 높음·안정(고임금)
사하구,설치·정비·생산,376,0.7978723404255319,80.85106382978722,2760.0,231,56.60376832946885,47.211829142779095,1,1,대졸 문턱 높음·안정(저임금)
사하구,영업·판매·운전·운송,119,1.680672268907563,83.05084745762711,3168.0,63,59.37180920906157,50.10336048857455,1,0,대졸 문턱 높음·안정(고임금)
서구,미용·여행·숙박·음식·경비·돌봄·청소,110,0.0,60.550458715596335,2588.0,83,47.48325370318769,40.554155821339805,1,1,대졸 문턱 높음·안정(저임금)
수영구,경영·사무·금융·보험,215,4.186046511627907,78.50467289719626,3000.0,90,63.5326164453636,51.08133696721349,1,0,대졸 문턱 높음·안정(고임금)
수영구,미용·여행·숙박·음식·경비·돌봄·청소,270,0.0,78.14814814814814,2588.0,203,55.764969345152835,44.43202166335377,1,1,대졸 문턱 높음·안정(저임금)
수영구,보건·의료,202,4.455445544554455,89.60396039603961,2880.0,36,57.865232305152226,47.63899930955823,1,0,대졸 문턱 높음·안정(고임금)
연제구,경영·사무·금융·보험,270,4.074074074074074,81.53846153846153,3000.0,124,61.58788675806129,52.80572944498659,1,0,대졸 문턱 높음·안정(고임금)
연제구,교육·법률·사회복지·경찰·소방·군인,109,18.34862385321101,63.46153846153846,2880.0,49,53.124340145893285,47.23949059761324,1,2,대졸 진입 가능·불안정
연제구,미용·여행·숙박·음식·경비·돌봄·청소,165,0.0,84.14634146341463,2588.0,112,56.36481869537708,42.6677856925951,1,1,대졸 문턱 높음·안정(저임금)
연제구,보건·의료,221,2.262443438914027,93.18181818181817,3300.0,38,64.7618398522417,52.21699639524614,1,0,대졸 문턱 높음·안정(고임금)
영도구,미용·여행·숙박·음식·경비·돌봄·청소,100,0.0,79.0,2588.0,76,52.668512184795006,41.875746985541305,1,1,대졸 문턱 높음·안정(저임금)
중구,경영·사무·금융·보험,274,3.2846715328467155,81.95488721804512,3000.0,77,57.962741688209874,50.38030906131639,1,0,대졸 문턱 높음·안정(고임금)
중구,미용·여행·숙박·음식·경비·돌봄·청소,143,0.0,78.72340425531915,2758.0,75,52.294650397882144,42.85956741355378,1,1,대졸 문턱 높음·안정(저임금)
해운대구,경영·사무·금융·보험,659,5.159332321699544,82.58859784283513,3000.0,192,59.94337828041833,50.45403381707762,1,0,대졸 문턱 높음·안정(고임금)
해운대구,교육·법률·사회복지·경찰·소방·군인,204,27.941176470588236,61.578947368421055,2766.0,66,53.964926242306184,47.71796085702893,1,2,대졸 진입 가능·불안정
해운대구,미용·여행·숙박·음식·경비·돌봄·청소,634,0.47318611987381703,75.0,2760.0,392,52.626028836258584,44.27118463878313,1,1,대졸 문턱 높음·안정(저임금)
해운대구,보건·의료,343,0.8746355685131195,88.85630498533725,3000.0,44,57.42666707052822,49.56892941289554,1,0,대졸 문턱 높음·안정(고임금)
해운대구,설치·정비·생산,151,0.6622516556291391,75.16778523489933,3127.5,56,52.84898829287597,49.72677402111577,1,0,대졸 문턱 높음·안정(고임금)
해운대구,연구·공학기술,301,7.973421926910299,89.07849829351537,3600.0,74,64.03223204644037,58.92728215885024,1,0,대졸 문턱 높음·안정(고임금)
해운대구,영업·판매·운전·운송,311,3.536977491961415,81.9078947368421,3410.0,92,62.421258910089534,56.39412765925438,1,0,대졸 문턱 높음·안정(고임금)
해운대구,예술·디자인·방송·스포츠,176,3.4090909090909087,77.71428571428571,3240.0,49,60.99338387322492,54.58624106341176,1,0,대졸 문턱 높음·안정(고임금)
