regionCd,regionNm,superCd,depth
00000,지역무관,,1
11000,서울,,1
11110,서울 종로구,11000,2
11140,서울 중구,11000,2
11170,서울 용산구,11000,2
11200,서울 성동구,11000,2
11215,서울 광진구,11000,2
11230,서울 동대문구,11000,2
11260,서울 중랑구,11000,2
11290,서울 성북구,11000,2
11305,서울 강북구,11000,2
11320,서울 도봉구,11000,2
11350,서울 노원구,11000,2
11380,서울 은평구,11000,2
11410,서울 서대문구,11000,2
11440,서울 마포구,11000,2
11470,서울 양천구,11000,2
11500,서울 강서구,11000,2
11530,서울 구로구,11000,2
11545,서울 금천구,11000,2
11560,서울 영등포구,11000,2
11590,서울 동작구,11000,2
11620,서울 관악구,11000,2
11650,서울 서초구,11000,2
11680,서울 강남구,11000,2
11710,서울 송파구,11000,2
11740,서울 강동구,11000,2
12000,전남광주,,1
12110,전남광주 목포시,12000,2
12130,전남광주 여수시,12000,2
12150,전남광주 순천시,12000,2
12170,전남광주 나주시,12000,2
12190,전남광주 광양시,12000,2
12210,전남광주 동구,12000,2
12240,전남광주 서구,12000,2
12270,전남광주 남구,12000,2
12300,전남광주 북구,12000,2
12330,전남광주 광산구,12000,2
12710,전남광주 담양군,12000,2
12720,전남광주 곡성군,12000,2
12730,전남광주 구례군,12000,2
12740,전남광주 고흥군,12000,2
12750,전남광주 보성군,12000,2
12760,전남광주 화순군,12000,2
12770,전남광주 장흥군,12000,2
12780,전남광주 강진군,12000,2
12790,전남광주 해남군,12000,2
12800,전남광주 영암군,12000,2
12810,전남광주 무안군,12000,2
12820,전남광주 함평군,12000,2
12830,전남광주 영광군,12000,2
12840,전남광주 장성군,12000,2
12850,전남광주 완도군,12000,2
12860,전남광주 진도군,12000,2
12870,전남광주 신안군,12000,2
26000,부산,,1
26110,부산 중구,26000,2
26140,부산 서구,26000,2
26170,부산 동구,26000,2
26200,부산 영도구,26000,2
26230,부산 부산진구,26000,2
26260,부산 동래구,26000,2
26290,부산 남구,26000,2
26320,부산 북구,26000,2
26350,부산 해운대구,26000,2
26380,부산 사하구,26000,2
26410,부산 금정구,26000,2
26440,부산 강서구,26000,2
26470,부산 연제구,26000,2
26500,부산 수영구,26000,2
26530,부산 사상구,26000,2
26710,부산 기장군,26000,2
27000,대구,,1
27110,대구 중구,27000,2
27140,대구 동구,27000,2
27170,대구 서구,27000,2
27200,대구 남구,27000,2
27230,대구 북구,27000,2
27260,대구 수성구,27000,2
27290,대구 달서구,27000,2
27710,대구 달성군,27000,2
27720,대구 군위군,27000,2
28000,인천,,1
28125,인천 제물포구,28000,2
28155,인천 영종구,28000,2
28177,인천 미추홀구,28000,2
28185,인천 연수구,28000,2
28200,인천 남동구,28000,2
28237,인천 부평구,28000,2
28245,인천 계양구,28000,2
28275,인천 서해구,28000,2
28290,인천 검단구,28000,2
28710,인천 강화군,28000,2
28720,인천 옹진군,28000,2
30000,대전,,1
30110,대전 동구,30000,2
30140,대전 중구,30000,2
30170,대전 서구,30000,2
30200,대전 유성구,30000,2
30230,대전 대덕구,30000,2
31000,울산,,1
31110,울산 중구,31000,2
31140,울산 남구,31000,2
31170,울산 동구,31000,2
31200,울산 북구,31000,2
31710,울산 울주군,31000,2
36110,세종,,1
41000,경기,,1
41110,경기 수원시,41000,2
41111,경기 수원시 장안구,41110,2
41113,경기 수원시 권선구,41110,2
41115,경기 수원시 팔달구,41110,2
41117,경기 수원시 영통구,41110,2
41130,경기 성남시,41000,2
41131,경기 성남시 수정구,41130,2
41133,경기 성남시 중원구,41130,2
41135,경기 성남시 분당구,41130,2
41150,경기 의정부시,41000,2
41170,경기 안양시,41000,2
41171,경기 안양시 만안구,41170,2
41173,경기 안양시 동안구,41170,2
41190,경기 부천시,41000,2
41192,경기 부천시 원미구,41190,2
41194,경기 부천시 소사구,41190,2
41196,경기 부천시 오정구,41190,2
41210,경기 광명시,41000,2
41220,경기 평택시,41000,2
41250,경기 동두천시,41000,2
41270,경기 안산시,41000,2
41271,경기 안산시 상록구,41270,2
41273,경기 안산시 단원구,41270,2
41280,경기 고양시,41000,2
41281,경기 고양시 덕양구,41280,2
41285,경기 고양시 일산동구,41280,2
41287,경기 고양시 일산서구,41280,2
41290,경기 과천시,41000,2
41310,경기 구리시,41000,2
41360,경기 남양주시,41000,2
41370,경기 오산시,41000,2
41390,경기 시흥시,41000,2
41410,경기 군포시,41000,2
41430,경기 의왕시,41000,2
41450,경기 하남시,41000,2
41460,경기 용인시,41000,2
41461,경기 용인시 처인구,41460,2
41463,경기 용인시 기흥구,41460,2
41465,경기 용인시 수지구,41460,2
41480,경기 파주시,41000,2
41500,경기 이천시,41000,2
41550,경기 안성시,41000,2
41570,경기 김포시,41000,2
41590,경기 화성시,41000,2
41591,경기도 화성시 만세구,41590,2
41593,경기도 화성시 효행구,41590,2
41595,경기도 화성시 병점구,41590,2
41597,경기도 화성시 동탄구,41590,2
41610,경기 광주시,41000,2
41630,경기 양주시,41000,2
41650,경기 포천시,41000,2
41670,경기 여주시,41000,2
41800,경기 연천군,41000,2
41820,경기 가평군,41000,2
41830,경기 양평군,41000,2
43000,충북,,1
43110,충북 청주시,43000,2
43111,충북 청주시 상당구,43110,2
43112,충북 청주시 서원구,43110,2
43113,충북 청주시 흥덕구,43110,2
43114,충북 청주시 청원구,43110,2
43130,충북 충주시,43000,2
43150,충북 제천시,43000,2
43720,충북 보은군,43000,2
43730,충북 옥천군,43000,2
43740,충북 영동군,43000,2
43745,충북 증평군,43000,2
43750,충북 진천군,43000,2
43760,충북 괴산군,43000,2
43770,충북 음성군,43000,2
43800,충북 단양군,43000,2
44000,충남,,1
44130,충남 천안시,44000,2
44131,충남 천안시 동남구,44130,2
44133,충남 천안시 서북구,44130,2
44150,충남 공주시,44000,2
44180,충남 보령시,44000,2
44200,충남 아산시,44000,2
44210,충남 서산시,44000,2
44230,충남 논산시,44000,2
44250,충남 계룡시,44000,2
44270,충남 당진시,44000,2
44710,충남 금산군,44000,2
44760,충남 부여군,44000,2
44770,충남 서천군,44000,2
44790,충남 청양군,44000,2
44800,충남 홍성군,44000,2
44810,충남 예산군,44000,2
44825,충남 태안군,44000,2
47000,경북,,1
47110,경북 포항시,47000,2
47111,경북 포항시 남구,47110,2
47113,경북 포항시 북구,47110,2
47130,경북 경주시,47000,2
47150,경북 김천시,47000,2
47170,경북 안동시,47000,2
47190,경북 구미시,47000,2
47210,경북 영주시,47000,2
47230,경북 영천시,47000,2
47250,경북 상주시,47000,2
47280,경북 문경시,47000,2
47290,경북 경산시,47000,2
47730,경북 의성군,47000,2
47750,경북 청송군,47000,2
47760,경북 영양군,47000,2
47770,경북 영덕군,47000,2
47820,경북 청도군,47000,2
47830,경북 고령군,47000,2
47840,경북 성주군,47000,2
47850,경북 칠곡군,47000,2
47900,경북 예천군,47000,2
47920,경북 봉화군,47000,2
47930,경북 울진군,47000,2
47940,경북 울릉군,47000,2
48000,경남,,1
48120,경남 창원시,48000,2
48121,경남 창원시 의창구,48120,2
48123,경남 창원시 성산구,48120,2
48125,경남 창원시 마산합포구,48120,2
48127,경남 창원시 마산회원구,48120,2
48129,경남 창원시 진해구,48120,2
48170,경남 진주시,48000,2
48220,경남 통영시,48000,2
48240,경남 사천시,48000,2
48250,경남 김해시,48000,2
48270,경남 밀양시,48000,2
48310,경남 거제시,48000,2
48330,경남 양산시,48000,2
48720,경남 의령군,48000,2
48730,경남 함안군,48000,2
48740,경남 창녕군,48000,2
48820,경남 고성군,48000,2
48840,경남 남해군,48000,2
48850,경남 하동군,48000,2
48860,경남 산청군,48000,2
48870,경남 함양군,48000,2
48880,경남 거창군,48000,2
48890,경남 합천군,48000,2
50000,제주,,1
50110,제주 제주시,50000,2
50130,제주 서귀포시,50000,2
51000,강원,,1
51110,강원 춘천시,51000,2
51130,강원 원주시,51000,2
51150,강원 강릉시,51000,2
51170,강원 동해시,51000,2
51190,강원 태백시,51000,2
51210,강원 속초시,51000,2
51230,강원 삼척시,51000,2
51720,강원 홍천군,51000,2
51730,강원 횡성군,51000,2
51750,강원 영월군,51000,2
51760,강원 평창군,51000,2
51770,강원 정선군,51000,2
51780,강원 철원군,51000,2
51790,강원 화천군,51000,2
51800,강원 양구군,51000,2
51810,강원 인제군,51000,2
51820,강원 고성군,51000,2
51830,강원 양양군,51000,2
52000,전북,,1
52110,전북 전주시,52000,2
52111,전북 전주시 완산구,52110,2
52113,전북 전주시 덕진구,52110,2
52130,전북 군산시,52000,2
52140,전북 익산시,52000,2
52180,전북 정읍시,52000,2
52190,전북 남원시,52000,2
52210,전북 김제시,52000,2
52710,전북 완주군,52000,2
52720,전북 진안군,52000,2
52730,전북 무주군,52000,2
52740,전북 장수군,52000,2
52750,전북 임실군,52000,2
52770,전북 순창군,52000,2
52790,전북 고창군,52000,2
52800,전북 부안군,52000,2
